timestamp,drugs,model,response
2025-04-22 00:40:41,"paracetamol, aspirin",cloud,"No, it's generally not safe. Taking both increases your risk of stomach bleeding and other side effects. It's best to stick to one or the other unless your doctor tells you otherwise."
2025-04-22 00:43:10,"paracetamol, aspirin",cloud,"No, it's generally not safe to take paracetamol and aspirin together regularly. It can increase your risk of side effects, especially stomach bleeding and liver damage."
2025-04-22 01:14:13,"lisinopril, metformin",cloud,"Generally, yes, it's safe to take lisinopril and metformin together. They treat different conditions (high blood pressure and diabetes, respectively) and don't usually interact negatively. However, always take them as prescribed by your doctor."
2025-04-22 14:27:00,"paracetamol, aspirin",cloud,"No, it's generally not safe to take paracetamol and aspirin together regularly. It can increase your risk of stomach bleeding and other side effects. Talk to your doctor or pharmacist if you have pain that isn't controlled by one medicine alone."
2025-04-22 14:27:19,"paracetamol, aspirin",local,"It's generally not recommended to take both paracetamol and aspirin together because they can potentially affect how your body processes these medications. Taking them at the same time might increase the risk of side effects or complications, such as liver damage from paracetamol or bleeding issues due to aspirin. If you need pain relief and feel that you should take both, it's best to consult with a healthcare provider who can give personalized advice based on your health condition and current medications. They may suggest an alternative combination of drugs or adjust the dosages."
2025-04-22 20:10:00,"paracetamol, aspirin",cloud,"No, it's generally not recommended to take paracetamol and aspirin together regularly unless advised by a doctor. It can increase the risk of side effects, especially stomach problems."
2025-04-22 20:10:39,"paracetamol, saxenda",cloud,"It's generally considered safe, but talk to your doctor or pharmacist first to be sure, especially about dosage and potential interactions."
2025-04-23 00:15:44,"paracetamol, aspirin",cloud,"No, it's generally not safe to take paracetamol and aspirin together regularly. It increases your risk of side effects, especially stomach bleeding."
2025-04-23 00:15:57,"paracetamol, aspirin",local,"It's generally not recommended to take paracetamol and aspirin together as it can increase the risk of liver damage. If needed for pain or fever, separate their intake by at least 4 hours. Always consult with a healthcare provider for medical advice."
2025-04-23 00:17:32,"paracetamol, aspirin, ergomar",cloud,"No, it's not safe. Aspirin and ergomar can interact badly. Talk to your doctor or pharmacist."
2025-04-23 00:17:58,"aspirin, ergomar",cloud,"No, it's not safe. Aspirin can increase the risk of bleeding with Ergomar."
2025-04-23 14:16:45,"paracetamol, aspirin",cloud,"No, it's generally not recommended to take paracetamol and aspirin together regularly. They can both increase the risk of side effects, especially stomach irritation and bleeding. Talk to your doctor or pharmacist if you're considering this combination."
2025-04-27 21:36:44,"paracetamol, aspirin",cloud,"No, it's generally not recommended. Taking both increases your risk of side effects like stomach bleeding. Talk to your doctor or pharmacist first."
2025-04-27 21:37:09,"paracetamol, aspirin",cloud,"No, it's generally not recommended to take paracetamol and aspirin together regularly unless advised by a doctor. It can increase the risk of side effects like stomach bleeding."
2025-04-27 21:55:38,"paracetamol, aspirin",cloud,"No, it's generally not recommended to take paracetamol and aspirin together regularly unless advised by a doctor. It can increase the risk of side effects like stomach bleeding."
